{"SeriesInstanceUID": ["2.16.756.5.5.100.1333920868.5890.1468843846.1"], "MRAcquisitionType": ["2D"], "MRDiffusionSequence": [[{"DiffusionDirectionality": ["BMATRIX"], "DiffusionGradientDirectionSequence": [{"DiffusionGradientOrientation": [-0.5512012040786585, -0.5512012040786585, -0.6263820441587343]}], "DiffusionBValue": [0.0], "DiffusionBMatrixSequence": [{"DiffusionBValueXX": [7.69121789932251], "DiffusionBValueXY": [7.69121789932251], "DiffusionBValueXZ": [8.702923774719238], "DiffusionBValueYY": [7.69121789932251], "DiffusionBValueYZ": [8.702923774719238], "DiffusionBValueZZ": [9.95566177368164]}]}], [{"DiffusionDirectionality": ["BMATRIX"], "DiffusionGradientDirectionSequence": [{"DiffusionGradientOrientation": [0.2981257140636444, -0.13566774129867554, 0.9448361396789551]}], "DiffusionBValue": [500.0], "DiffusionBMatrixSequence": [{"DiffusionBValueXX": [44.439476013183594], "DiffusionBValueXY": [-24.674470901489258], "DiffusionBValueXZ": [142.24789428710938], "DiffusionBValueYY": [14.288702964782715], "DiffusionBValueYZ": [-79.21138763427734], "DiffusionBValueZZ": [455.5228271484375]}]}], [{"DiffusionDirectionality": ["BMATRIX"], "DiffusionGradientDirectionSequence": [{"DiffusionGradientOrientation": [0.2981257140636444, -0.13566774129867554, 0.9448361396789551]}], "DiffusionBValue": [1000.0], "DiffusionBMatrixSequence": [{"DiffusionBValueXX": [88.87895202636719], "DiffusionBValueXY": [-42.23855209350586], "DiffusionBValueXZ": [283.6710510253906], "DiffusionBValueYY": [20.121030807495117], "DiffusionBValueYZ": [-134.87643432617188], "DiffusionBValueZZ": [905.5769653320312]}]}], [{"DiffusionDirectionality": ["BMATRIX"], "DiffusionGradientDirectionSequence": [{"DiffusionGradientOrientation": [0.2981257140636444, -0.13566774129867554, 0.9448361396789551]}], "DiffusionBValue": [1500.0], "DiffusionBMatrixSequence": [{"DiffusionBValueXX": [133.31842041015625], "DiffusionBValueXY": [-60.669063568115234], "DiffusionBValueXZ": [424.9585266113281], "DiffusionBValueYY": [27.608604431152344], "DiffusionBValueYZ": [-193.38539123535156], "DiffusionBValueZZ": [1354.7711181640625]}]}], [{"DiffusionDirectionality": ["BMATRIX"], "DiffusionGradientDirectionSequence": [{"DiffusionGradientOrientation": [-0.6181802153587341, 0.3260960578918457, 0.7152025103569031]}], "DiffusionBValue": [500.0], "DiffusionBMatrixSequence": [{"DiffusionBValueXX": [191.07337951660156], "DiffusionBValueXY": [-100.79306030273438], "DiffusionBValueXZ": [-223.98141479492188], "DiffusionBValueYY": [53.16931915283203], "DiffusionBValueYZ": [118.15237426757812], "DiffusionBValueZZ": [262.7535400390625]}]}], [{"DiffusionDirectionality": ["BMATRIX"], "DiffusionGradientDirectionSequence": [{"DiffusionGradientOrientation": [-0.6181802153587341, 0.3260960578918457, 0.7152025103569031]}], "DiffusionBValue": [1000.0], "DiffusionBMatrixSequence": [{"DiffusionBValueXX": [382.1467590332031], "DiffusionBValueXY": [-201.58612060546875], "DiffusionBValueXZ": [-446.252685546875], "DiffusionBValueYY": [106.33863830566406], "DiffusionBValueYZ": [235.40261840820312], "DiffusionBValueZZ": [521.3088989257812]}]}], [{"DiffusionDirectionality": ["BMATRIX"], "DiffusionGradientDirectionSequence": [{"DiffusionGradientOrientation": [-0.6181802153587341, 0.3260960578918457, 0.7152025103569031]}], "DiffusionBValue": [1500.0], "DiffusionBMatrixSequence": [{"DiffusionBValueXX": [573.2200927734375], "DiffusionBValueXY": [-302.3791809082031], "DiffusionBValueXZ": [-668.2425537109375], "DiffusionBValueYY": [159.50794982910156], "DiffusionBValueYZ": [352.50445556640625], "DiffusionBValueZZ": [779.2132568359375]}]}], [{"DiffusionDirectionality": ["BMATRIX"], "DiffusionGradientDirectionSequence": [{"DiffusionGradientOrientation": [-0.4842105805873871, -0.6994312405586243, 0.5256767272949219]}], "DiffusionBValue": [500.0], "DiffusionBMatrixSequence": [{"DiffusionBValueXX": [117.22994995117188], "DiffusionBValueXY": [169.3360137939453], "DiffusionBValueXZ": [-129.55584716796875], "DiffusionBValueYY": [244.60203552246094], "DiffusionBValueYZ": [-187.14047241210938], "DiffusionBValueZZ": [143.37413024902344]}]}], [{"DiffusionDirectionality": ["BMATRIX"], "DiffusionGradientDirectionSequence": [{"DiffusionGradientOrientation": [-0.4842105805873871, -0.6994312405586243, 0.5256767272949219]}], "DiffusionBValue": [1000.0], "DiffusionBMatrixSequence": [{"DiffusionBValueXX": [234.45989990234375], "DiffusionBValueXY": [338.6720275878906], "DiffusionBValueXZ": [-257.77215576171875], "DiffusionBValueYY": [489.2040710449219], "DiffusionBValueYZ": [-372.3460388183594], "DiffusionBValueZZ": [283.5987548828125]}]}], [{"DiffusionDirectionality": ["BMATRIX"], "DiffusionGradientDirectionSequence": [{"DiffusionGradientOrientation": [-0.4842105805873871, -0.6994312405586243, 0.5256767272949219]}], "DiffusionBValue": [1500.0], "DiffusionBMatrixSequence": [{"DiffusionBValueXX": [351.6898498535156], "DiffusionBValueXY": [508.0080261230469], "DiffusionBValueXZ": [-385.7680969238281], "DiffusionBValueYY": [733.8060913085938], "DiffusionBValueYZ": [-557.2332763671875], "DiffusionBValueZZ": [423.3448791503906]}]}], [{"DiffusionDirectionality": ["BMATRIX"], "DiffusionGradientDirectionSequence": [{"DiffusionGradientOrientation": [0.9794402718544006, 0.09506603330373764, 0.17793036997318268]}], "DiffusionBValue": [500.0], "DiffusionBMatrixSequence": [{"DiffusionBValueXX": [479.651611328125], "DiffusionBValueXY": [68.7378921508789], "DiffusionBValueXZ": [98.51917266845703], "DiffusionBValueYY": [11.204626083374023], "DiffusionBValueYZ": [14.879899024963379], "DiffusionBValueZZ": [20.77020835876465]}]}], [{"DiffusionDirectionality": ["BMATRIX"], "DiffusionGradientDirectionSequence": [{"DiffusionGradientOrientation": [0.9794402718544006, 0.09506603330373764, 0.17793036997318268]}], "DiffusionBValue": [1000.0], "DiffusionBMatrixSequence": [{"DiffusionBValueXX": [959.30322265625], "DiffusionBValueXY": [114.11583709716797], "DiffusionBValueXZ": [180.81358337402344], "DiffusionBValueYY": [14.181866645812988], "DiffusionBValueYZ": [21.74262046813965], "DiffusionBValueZZ": [34.276947021484375]}]}], [{"DiffusionDirectionality": ["BMATRIX"], "DiffusionGradientDirectionSequence": [{"DiffusionGradientOrientation": [0.9794402718544006, 0.09506603330373764, 0.17793036997318268]}], "DiffusionBValue": [1500.0], "DiffusionBMatrixSequence": [{"DiffusionBValueXX": [1438.954833984375], "DiffusionBValueXY": [155.65049743652344], "DiffusionBValueXZ": [269.4198303222656], "DiffusionBValueYY": [17.07089614868164], "DiffusionBValueYZ": [29.28803253173828], "DiffusionBValueZZ": [50.64070510864258]}]}], [{"DiffusionDirectionality": ["BMATRIX"], "DiffusionGradientDirectionSequence": [{"DiffusionGradientOrientation": [0.2864058017730713, 0.8171219825744629, 0.5002833008766174]}], "DiffusionBValue": [500.0], "DiffusionBMatrixSequence": [{"DiffusionBValueXX": [41.01414489746094], "DiffusionBValueXY": [117.01424407958984], "DiffusionBValueXZ": [72.99459838867188], "DiffusionBValueYY": [333.84417724609375], "DiffusionBValueYZ": [208.25515747070312], "DiffusionBValueZZ": [130.10797119140625]}]}], [{"DiffusionDirectionality": ["BMATRIX"], "DiffusionGradientDirectionSequence": [{"DiffusionGradientOrientation": [0.2864058017730713, 0.8171219825744629, 0.5002833008766174]}], "DiffusionBValue": [1000.0], "DiffusionBMatrixSequence": [{"DiffusionBValueXX": [82.0282974243164], "DiffusionBValueXY": [234.0284881591797], "DiffusionBValueXZ": [145.19688415527344], "DiffusionBValueYY": [667.6882934570312], "DiffusionBValueYZ": [414.24981689453125], "DiffusionBValueZZ": [257.2069091796875]}]}], [{"DiffusionDirectionality": ["BMATRIX"], "DiffusionGradientDirectionSequence": [{"DiffusionGradientOrientation": [0.2864058017730713, 0.8171219825744629, 0.5002833008766174]}], "DiffusionBValue": [1500.0], "DiffusionBMatrixSequence": [{"DiffusionBValueXX": [123.04244232177734], "DiffusionBValueXY": [351.042724609375], "DiffusionBValueXZ": [217.26878356933594], "DiffusionBValueYY": [1001.532470703125],